timestamp,sensor_id,temperature_c
2026-10-01 08:00,S1,29.7
2026-10-01 08:10,S2,22.3
2026-10-01 08:20,S3,25.3
2026-10-01 08:30,S1,24.7
2026-10-01 08:40,S2,30.8
2026-10-01 08:50,S3,N/A
2026-10-01 09:00,S1,32.7
2026-10-01 09:10,S2,23.0
2026-10-01 09:20,S3,27.1
2026-10-01 09:30,S1,22.4
2026-10-01 09:40,S2,24.6
2026-10-01 09:50,S3,28.1
2026-10-01 10:00,S1,
2026-10-01 10:10,S2,24.4
2026-10-01 10:20,S3,29.8
2026-10-01 10:30,S1,28.5
2026-10-01 10:40,S2,24.6
2026-10-01 10:50,S3,29.1
2026-10-01 11:00,S1,31.7
2026-10-01 11:10,S2,22.1
2026-10-01 11:20,S3,error
2026-10-01 11:30,S1,30.4
2026-10-01 11:40,S2,26.1
2026-10-01 11:50,S3,23.9
2026-10-01 12:00,S1,33.5
2026-10-01 12:10,S2,26.0
2026-10-01 12:20,S3,23.1
2026-10-01 12:30,S1,23.2
2026-10-01 12:40,S2,32.2
2026-10-01 12:50,S3,29.2
2026-10-01 13:00,S1,31.7
2026-10-01 13:10,S2,30.8
2026-10-01 13:20,S3,28.4
2026-10-01 13:30,S1,999.0
2026-10-01 13:40,S2,26.5
2026-10-01 13:50,S3,28.6
2026-10-01 14:00,S1,32.0
2026-10-01 14:10,S2,29.4
2026-10-01 14:20,S3,32.3
2026-10-01 14:30,S1,28.9
2026-10-01 14:40,S2,30.5
2026-10-01 14:50,S3,22.5
2026-10-01 15:00,S1,24.7
2026-10-01 15:10,S2,25.5
2026-10-01 15:20,S3,23.0
2026-10-01 15:30,S1,24.8
2026-10-01 15:40,S2,23.2
2026-10-01 15:50,S3,-
2026-10-01 16:00,S1,29.6
2026-10-01 16:10,S2,26.4
2026-10-01 16:20,S3,26.4
2026-10-01 16:30,S1,24.5
2026-10-01 16:40,S2,25.2
2026-10-01 16:50,S3,33.2
2026-10-01 17:00,S1,29.8
2026-10-01 17:10,S2,29.3
2026-10-01 17:20,S3,24.1
2026-10-01 17:30,S1,30.7
2026-10-01 17:40,S2,24.0
2026-10-01 17:50,S3,26.6
